abrigden1e@nuna.int,DGLAPH,abrigden1e
bportman19@nrsa.int,DITZI7,bportman19
lhammel25@nkua.int,EFKQTK,lhammel25
wnorley0@nlga.mil,KI1BQF,wnorley0
tjenk1m@nmpa.int,OFJO4Q,tjenk1m
mcornner20@ntga.int,OL16VB,mcornner20
scyseley16@nuca.org,P6BJHX,scyseley16
mcadle6@nlxa.mil,QYYFLD,mcadle6
nbourtonh@ncva.int,SKJI31,nbourtonh
rmcgroarty29@nwpa.int,UUXV8X,rmcgroarty29
ccollelton1r@ndia.int,W1BDTN,ccollelton1r
vflorey1h@nhka.int,WISB22,vflorey1h
sblockwell2@nbya.mil,ZDP1S3,sblockwell2
nallnatt17@njua.int,CTXI8K,nallnatt17
mmacneely26@nzga.int,E76G3W,mmacneely26
khacquoil1j@nxya.int,EUN7XH,khacquoil1j
boldroyd2n@njja.mil,F9Q7OY,boldroyd2n
gkenneyx@nkda.int,GYU6A3,gkenneyx
scornely1x@njja.int,HHN4QJ,scornely1x
wotuohy1p@neia.mil,HKZG9F,wotuohy1p
dblindt10@nlra.int,HMADN0,dblindt10
shickissong@nbea.mil,KB906P,shickissong
rdelea18@naga.mil,MT0EUO,rdelea18
tvero1q@ncfa.int,PTUT1C,tvero1q
hshepstone2i@naua.int,QLFWCV,hshepstone2i
mpullingerf@nwga.mil,QW4LQN,mpullingerf
aridgesm@nxwa.int,RIM2RB,aridgesm
dmettericke1k@nzza.int,V7DFTV,dmettericke1k
klaws22@nvca.int,W6OVLU,klaws22
svickerstaffy@nmba.mil,WGA3QY,svickerstaffy
tlevinge1v@nena.int,WIC9HU,tlevinge1v
pmannd@nfba.int,WK9JVW,pmannd
rtilly1b@npja.mil,WWR3R8,rtilly1b
kwytchard2m@nfxa.org,X8QCKZ,kwytchard2m
bbessent1i@nfpa.int,Y6AHHM,bbessent1i
htrapper@acmetech.com,HAX0R,htrapper
